{
	"format_version": "1.8.0",
	"animations": {
		"animation.cpoc.sandstreak.jump": {
			"animation_length": 1,
			"bones": {
				"body": {
					"position": {
						"0.0": [0, -4.5, 0],
						"0.0417": [0, -4.30856, 0],
						"0.0833": [0, -3.79022, 0],
						"0.125": [0, -3.02699, 0],
						"0.1667": [0, -2.11068, 0],
						"0.2083": [0, -1.17419, 0],
						"0.25": [0, -0.5, 0],
						"0.2917": [0, -0.39448, 0],
						"0.3333": [0, -0.56601, 0],
						"0.375": [0, -0.78819, 0],
						"0.4167": [0, -0.94557, 0],
						"0.4583": [0, -1, 0],
						"0.5": [0, -0.9513, 0],
						"0.5417": [0, -0.83322, 0],
						"0.5833": [0, -0.67565, 0],
						"0.6667": [0, -0.32435, 0],
						"0.7083": [0, -0.16678, 0],
						"0.75": [0, -0.0487, 0],
						"0.7917": [0, 0, 0]
					}
				},
				"head": {
					"rotation": {
						"0.0": [0, 0, 0],
						"0.0417": [-0.99046, 0, 0],
						"0.0833": [-4.2612, 0, 0],
						"0.125": [-8.86451, 0, 0],
						"0.1667": [-12.51448, 0, 0],
						"0.2083": [-14.44927, 0, 0],
						"0.25": [-15, 0, 0],
						"0.2917": [-14.06173, 0, 0],
						"0.3333": [-11.1268, 0, 0],
						"0.375": [-6.21961, 0, 0],
						"0.4583": [6.37027, 0, 0],
						"0.5": [10.90027, 0, 0],
						"0.5417": [12.5, 0, 0],
						"0.5833": [11.75126, 0, 0],
						"0.625": [9.51955, 0, 0],
						"0.7083": [2.98045, 0, 0],
						"0.75": [0.74874, 0, 0],
						"0.7917": [0, 0, 0]
					},
					"position": {
						"0.0": [0, -5, 0],
						"0.0417": [0, -4.7005, 0],
						"0.0833": [0, -3.80782, 0],
						"0.1667": [0, -1.19218, 0],
						"0.2083": [0, -0.2995, 0],
						"0.25": [0, 0, 0],
						"0.2917": [0, -0.06845, 0],
						"0.3333": [0, -0.31507, 0],
						"0.375": [0, -0.68493, 0],
						"0.4167": [0, -0.93155, 0],
						"0.4583": [0, -1, 0],
						"0.5": [0, -0.93155, 0],
						"0.5417": [0, -0.68493, 0],
						"0.5833": [0, -0.31507, 0],
						"0.625": [0, -0.06845, 0],
						"0.6667": [0, 0, 0]
					}
				},
				"leg0": {
					"rotation": {
						"0.0": [5, 0, 0],
						"0.0417": [20.29632, -3.37708, 2.83881],
						"0.0833": [35.81731, -7.22012, 6.12972],
						"0.125": [44.2095, -9.72159, 7.95872],
						"0.1667": [48.71511, -11.0966, 8.80202],
						"0.2083": [50.90195, -11.72749, 9.16746],
						"0.25": [51.53653, -11.84911, 9.26433],
						"0.2917": [50.69445, -11.48714, 9.08002],
						"0.3333": [47.21569, -10.22779, 8.31682],
						"0.375": [37.10295, -6.64339, 6.03385],
						"0.4167": [5.83912, -1.05942, 0.93535],
						"0.4583": [0, 0, 0]
					},
					"position": {
						"0.0": [0, 0, 0],
						"0.3333": [0, -1, 0],
						"0.4583": [0, 0, 0]
					}
				},
				"leg1": {
					"rotation": {
						"0.0": [5, 0, 0],
						"0.0417": [25.728, 4.69913, -3.31359],
						"0.0833": [37.61619, 8.10546, -6.06383],
						"0.125": [44.64001, 10.05275, -7.70664],
						"0.1667": [48.77023, 11.15451, -8.64973],
						"0.2083": [50.90223, 11.70113, -9.12545],
						"0.25": [51.53653, 11.84911, -9.26433],
						"0.2917": [50.75526, 11.64116, -9.08942],
						"0.3333": [47.8868, 10.94044, -8.45108],
						"0.375": [41.40065, 9.45498, -7.03057],
						"0.4167": [26.13351, 6.38732, -3.91777],
						"0.4583": [0, 0, 0]
					},
					"position": {
						"0.0": [0, 0, 0],
						"0.3333": [0, -1, 0],
						"0.4583": [0, 0, 0]
					}
				},
				"leg2": {
					"rotation": {
						"0.0": [-5, 0, 0],
						"0.0417": [-15.48433, 2.35747, 2.26165],
						"0.0833": [-35.03598, 6.21741, 5.70974],
						"0.125": [-44.35827, 9.47839, 7.87297],
						"0.1667": [-48.88167, 11.04711, 8.78851],
						"0.2083": [-50.96078, 11.69553, 9.16653],
						"0.25": [-51.53653, 11.84911, 9.26433],
						"0.2917": [-50.71949, 11.55863, 9.09224],
						"0.3333": [-47.40905, 10.40478, 8.38408],
						"0.375": [-37.93279, 6.98585, 6.28518],
						"0.4167": [-6.05413, 1.10506, 0.97356],
						"0.4583": [0, 0, 0]
					},
					"position": {
						"0.0": [0, 0, 0],
						"0.3333": [0, -1, 0],
						"0.4583": [0, 0, 0]
					}
				},
				"leg3": {
					"rotation": {
						"0.0": [-5, 0, 0],
						"0.0417": [-25.43395, -4.05312, -3.04183],
						"0.0833": [-42.94084, -9.16808, -6.57958],
						"0.125": [-50.29785, -12.23815, -8.34603],
						"0.1667": [-54.01087, -13.78767, -9.17943],
						"0.2083": [-55.76487, -14.49703, -9.53942],
						"0.25": [-56.2576, -14.6914, -9.61518],
						"0.2917": [-55.36572, -14.39239, -9.42215],
						"0.3333": [-51.75201, -13.15104, -8.73017],
						"0.375": [-41.40767, -9.43002, -6.77557],
						"0.4167": [-6.60873, -1.46426, -1.05587],
						"0.4583": [0, 0, 0]
					},
					"position": {
						"0.0": [0, 0, 0],
						"0.3333": [0, -1, 0],
						"0.4583": [0, 0, 0]
					}
				},
				"body2": {
					"scale": {
						"0.0": [0.9, 0.9, 0.9],
						"0.0417": [0.90599, 0.90599, 0.90599],
						"0.0833": [0.92384, 0.92384, 0.92384],
						"0.1667": [0.97616, 0.97616, 0.97616],
						"0.2083": [0.99401, 0.99401, 0.99401],
						"0.25": [1, 1, 1]
					}
				},
				"root": {
					"position": {
						"0.0": [0, 0, 0],
						"0.0417": [0, 1.58995, 0],
						"0.0833": [0, 2.24489, 0],
						"0.125": [0, 2.62663, 0],
						"0.1667": [0, 2.85034, 0],
						"0.2083": [0, 2.9657, 0],
						"0.25": [0, 3, 0],
						"0.2917": [0, 2.9548, 0],
						"0.3333": [0, 2.7903, 0],
						"0.375": [0, 2.42439, 0],
						"0.4167": [0, 1.59796, 0],
						"0.4583": [0, 0, 0]
					}
				}
			}
		},
		"animation.cpoc.sandstreak.hiding": {
			"loop": "hold_on_last_frame",
			"animation_length": 0.04167,
			"bones": {
				"body": {
					"position": [0, -4.5, 0]
				},
				"head": {
					"rotation": [0, 0, 0],
					"position": [0, -5, 0]
				},
				"leg0": {
					"rotation": [5, 0, 0],
					"position": [0, 0, 0]
				},
				"leg1": {
					"rotation": [5, 0, 0],
					"position": [0, 0, 0]
				},
				"leg2": {
					"rotation": [-5, 0, 0],
					"position": [0, 0, 0]
				},
				"leg3": {
					"rotation": [-5, 0, 0],
					"position": [0, 0, 0]
				},
				"body2": {
					"scale": 0.9
				},
				"root": {
					"position": [0, 0, 0]
				}
			}
		}
	}
}